filename,priority
1646D950-522E-4597-99D5-CCB48032777E.jpg,must
93638dac-5264-496d-a574-fa54d0b95f53.jpg,must
F9615661-F9B6-45C5-B206-93AC8FEB1429.jpg,must
IMG_1252.jpeg,must
IMG_1253.jpeg,must
IMG_1256.jpeg,must
IMG_1257.jpeg,must
IMG_1262.jpeg,must
IMG_1264.jpeg,must
IMG_1265.jpeg,must
IMG_1281.JPG,must
IMG_1309.jpeg,must
IMG_1310.jpeg,must
IMG_1312.jpeg,must
IMG_1321.jpeg,must
IMG_1323.jpeg,must
IMG_1325.jpeg,must
IMG_1328.jpeg,must
IMG_1331.jpeg,must
IMG_1338.jpeg,must
IMG_1340.jpeg,must
IMG_1341.jpeg,must
IMG_1343.jpeg,must
IMG_1344.jpeg,must
IMG_1347.jpeg,must
IMG_1352.jpeg,must
IMG_1356.jpeg,must
IMG_1358.jpeg,must
IMG_1359.jpeg,must
IMG_1360.jpeg,must
IMG_1362.jpeg,must
IMG_1376.jpeg,must
IMG_1379.jpeg,must
IMG_1385.jpeg,must
IMG_1386.jpeg,must
IMG_1387.jpeg,must
IMG_1389.jpeg,must
IMG_1390.jpeg,must
IMG_1391.jpeg,must
IMG_1392.jpeg,must
IMG_1393.jpeg,must
IMG_1395.MOV,must
IMG_1397.jpeg,must
IMG_1399.jpeg,must
IMG_1401.jpeg,must
IMG_1403.jpeg,must
IMG_1404.MOV,must
IMG_1406.jpeg,must
IMG_1416.jpeg,must
IMG_1420.jpeg,must
IMG_1423.jpeg,must
IMG_1430.jpeg,must
IMG_1435.jpeg,must
IMG_1443.jpeg,must
IMG_1444.jpeg,must
IMG_1445.jpeg,must
IMG_1448.jpeg,must
IMG_1451.jpeg,must
IMG_1452.jpeg,must
IMG_1453.jpeg,must
IMG_1454.jpeg,must
IMG_1455.jpeg,must
IMG_1460.MOV,must
IMG_1461.jpeg,must
IMG_1463.jpeg,must
IMG_1464.jpeg,must
IMG_1465.jpeg,must
IMG_1466.jpeg,must
IMG_1473.jpeg,must
IMG_1475.jpeg,must
IMG_1476.jpeg,must
IMG_1497.JPG,must
IMG_1500.jpeg,must
IMG_1501.jpeg,must
IMG_1502.jpeg,must
IMG_1503.jpeg,must
IMG_1505.jpeg,must
IMG_1508.jpeg,must
IMG_1509.jpeg,must
IMG_1511.jpeg,must
IMG_1514.jpeg,must
IMG_1518.jpeg,must
IMG_1524.JPG,must
IMG_1543.jpeg,must
IMG_1554.jpeg,must
IMG_1555.jpeg,must
IMG_1556.jpeg,must
IMG_1557.JPG,must
IMG_1589.jpeg,must
IMG_1594.jpeg,must
IMG_1596.jpeg,must
IMG_1597.jpeg,must
IMG_1598.jpeg,must
IMG_1608.jpeg,must
IMG_1611.jpeg,must
IMG_1613.MOV,must
IMG_1617.jpeg,must
IMG_1619.jpeg,must
IMG_1620.jpeg,must
IMG_1621.MOV,must
IMG_1622.jpeg,must
IMG_1623.MOV,must
IMG_1624.jpeg,must
IMG_1625.jpeg,must
IMG_1626.jpeg,must
IMG_1627.jpeg,must
IMG_1628.jpeg,must
IMG_1629.jpeg,must
IMG_1630.jpeg,must
IMG_1631.jpeg,must
IMG_1632.jpeg,must
IMG_1634.jpeg,must
IMG_1635.MOV,must
IMG_1636.jpeg,must
IMG_1637.MOV,must
IMG_1638.MOV,must
IMG_1639.jpeg,must
IMG_1640.jpeg,must
IMG_1641.MOV,must
IMG_1646.jpeg,must
IMG_1648.jpeg,must
IMG_1649.jpeg,must
IMG_1650.jpeg,must
IMG_1652.jpeg,must
IMG_1653.MOV,must
IMG_1658.jpeg,must
IMG_1660.jpeg,must
IMG_1661.jpeg,must
IMG_1663.jpeg,must
IMG_1664.jpeg,must
IMG_1665.jpeg,must
IMG_1666.jpeg,must
IMG_1667.jpeg,must
IMG_1668.jpeg,must
IMG_1699.JPG,must
IMG_1703.JPG,must
IMG_1705.JPG,must
IMG_1706.JPG,must
IMG_1707.JPG,must
IMG_2636.jpeg,must
IMG_2644.jpeg,must
IMG_4734.HEIC,must
IMG_4763.HEIC,must
IMG_4773.HEIC,must
IMG_4790.HEIC,must
IMG_4793.HEIC,must
IMG_4813.HEIC,must
IMG_4814.HEIC,must
IMG_4817.HEIC,must
IMG_4824.HEIC,must
IMG_4829.HEIC,must
IMG_4835.MOV,must
IMG_8320.HEIC,must
IMG_8337.HEIC,must
IMG_8648.HEIC,must
c12b0d91-ee69-49f5-a579-9c04e8afea4b.jpg,must
IMG_1322.jpeg,nice
IMG_1348.jpeg,nice
IMG_1353.jpeg,nice
IMG_1381.jpeg,nice
IMG_1409.jpeg,nice
IMG_1410.MOV,nice
IMG_1411.jpeg,nice
IMG_1412.jpeg,nice
IMG_1419.jpeg,nice
IMG_1425.jpeg,nice
IMG_1427.jpeg,nice
IMG_1439.jpeg,nice
IMG_1499.jpeg,nice
IMG_1506.jpeg,nice
IMG_1515.jpeg,nice
IMG_1531.JPG,nice
IMG_1544.jpeg,nice
IMG_1548.jpeg,nice
IMG_1549.MOV,nice
IMG_1551.jpeg,nice
IMG_1588.jpeg,nice
IMG_1591.jpeg,nice
IMG_1592.jpeg,nice
IMG_1610.MOV,nice
IMG_1614.jpeg,nice
IMG_1656.jpeg,nice
IMG_1659.jpeg,nice
IMG_1697.JPG,nice
IMG_1700.JPG,nice
IMG_1702.JPG,nice
IMG_1704.JPG,nice
IMG_4754.HEIC,nice
IMG_4781.HEIC,nice
IMG_4782.MOV,nice
IMG_4783.MOV,nice
IMG_4804.HEIC,nice
IMG_4839.MOV,nice
IMG_4840.MOV,nice
IMG_8306.HEIC,nice
IMG_8310.HEIC,nice
IMG_8321.HEIC,nice
IMG_8646.HEIC,nice
IMG_8646.MP4,nice
IMG_8649.HEIC,nice
IMG_8652.HEIC,nice
IMG_8652.MP4,nice
IMG_8654.HEIC,nice
IMG_8655.HEIC,nice
IMG_8656.HEIC,nice
IMG_8656.MP4,nice
